ds,INVERTER1.1_Active Power_Kw,INVERTER1.1_AC Current (A)_Phase 1,INVERTER1.1_AC Current (A)_Phase 2,INVERTER1.1_AC Current (A)_Phase 3,INVERTER1.1_AC Voltage (V)_BR,INVERTER1.1_AC Voltage (V)_RY,INVERTER1.1_AC Voltage (V)_YB,INVERTER1.1_Todays Gen_Kwh,INVERTER1.1_DC Current,INVERTER1.1_DC Voltage,INVERTER1.1_DC Power_Kw,INVERTER1.1_Reactive power_Kvar,INVERTER1.1_Inverter_Temp.,INVERTER1.1_Power Factor
03-06-2025 18:00,14.98564973,20.5729023,19.98160945,23.67959516,599.4231415,595.9087052,593.0993957,6141.633687,16253.98252,575.4398205,16.15132246,-16986.71516,50.12111339,-16.12947936
03-06-2025 19:00,-32.68239384,-25.36713749,-25.93930724,-22.18557552,601.9731595,598.6268491,594.8688189,6180.179066,24976.59535,418.6377437,-32.0912442,-12128.85482,49.96315315,-11.38810353
03-06-2025 20:00,-19.55390058,-10.16902575,-10.78411235,-6.942469186,602.7011258,599.456123,595.5265921,6209.914032,30389.96385,293.08643,-18.79998157,-9037.63785,49.48502459,-8.365512062
03-06-2025 21:00,4.198236147,14.12935492,13.45669606,17.3947653,601.6205321,598.4159743,594.8223211,6177.024634,31924.24294,238.9855288,5.21244643,-8208.183047,48.02667456,-7.555221333
03-06-2025 22:00,1.552102426,10.34315049,9.638709737,13.66054407,599.0598542,595.9031678,592.6323104,6019.236587,30700.45857,260.5681257,2.557132582,-9094.018954,45.77175259,-8.431570623
03-06-2025 23:00,-26.87287478,-19.52000246,-20.22657812,-16.13464911,595.8088477,592.7577275,589.4650238,5749.447731,28525.42983,321.8785062,-26.10435453,-10560.0429,43.49606177,-9.882559914
04-06-2025 00:00,-18.2899274,-9.752129674,-10.40151398,-6.249283833,602.1404285,598.8926672,595.7623673,-21.05909996,29494.56463,317.8203177,-17.52653581,-10471.81888,42.51645409,-9.825378269
04-06-2025 01:00,-21.01097171,-11.44970137,-12.11578826,-7.8780684,601.8507551,598.7142456,595.3112406,-190.2750615,29301.21733,320.1827322,-20.20419255,-10460.71094,41.64005144,-9.820230997
04-06-2025 02:00,-7.546613927,3.055641458,2.362060032,6.693113602,604.0357377,600.9658756,597.4551849,-208.5290536,30338.64852,287.9925921,-6.565871294,-9733.972863,40.99957524,-9.111239546
04-06-2025 03:00,-4.300508989,5.987921065,5.283819989,9.699091468,606.8488708,603.8779453,600.2723566,-143.0755607,31475.04604,268.7958674,-3.286493596,-9175.319727,40.05296667,-8.572973468
04-06-2025 04:00,-23.59635755,-15.01960368,-15.70332905,-11.21999524,607.1495992,604.4203336,600.5035596,-104.6984777,30895.31225,311.4912072,-22.80421998,-9841.018107,38.74882179,-9.241320489
04-06-2025 05:00,-41.12587842,-34.15308711,-34.80908801,-30.25781942,602.8329657,600.5151858,596.1148432,-145.7423384,26966.00746,429.8929743,-40.51416061,-12377.95849,37.64654427,-11.73858497
04-06-2025 06:00,-7.93081836,-0.56165025,-1.230574658,3.41751759,594.9338819,593.0809317,588.4303157,-209.9999162,19427.73979,591.3344906,-6.81135228,-16561.75226,37.58296177,-15.83075067
04-06-2025 07:00,111.5569185,122.1326537,121.3775892,126.1678467,587.5370586,586.0094231,581.8006006,-173.5817805,10064.48111,737.4597859,114.496253,-21259.83392,39.18880277,-20.40736166
04-06-2025 08:00,308.4696179,324.267291,323.3658288,328.3304269,585.1726644,583.7082911,580.7100645,66.05492223,2045.496202,820.5820979,314.7046309,-24954.16532,42.58466522,-23.99931514
04-06-2025 09:00,531.9102385,553.2567506,552.1994862,557.3360833,589.5584475,587.9412856,586.4762236,531.9013671,-1933.860734,829.6543877,542.4136837,-26595.03005,47.35085147,-25.60264109
04-06-2025 10:00,720.7045695,746.4593989,745.2879697,750.5648787,598.278557,596.4677266,596.1965862,1179.58633,-1473.379156,790.5798805,735.4307349,-26250.66205,52.6521565,-25.29366897
04-06-2025 11:00,835.6755491,863.9556597,862.7303127,868.1120765,606.5025472,604.6192205,604.8091366,1948.978338,1216.559039,745.3240172,853.4464242,-25061.72289,57.40322298,-24.17404813
04-06-2025 12:00,867.5457094,896.1499802,894.9175759,900.3867343,610.381431,608.5771822,608.5914023,2793.862052,2927.580098,726.7233036,886.3598588,-24456.97739,60.50037728,-23.61361632
04-06-2025 13:00,822.0405583,848.4664298,847.2561269,852.8124858,609.4560378,607.7866659,607.3527448,3664.501137,1868.815699,743.6749998,839.6430771,-25137.09929,61.18532002,-24.27888412
04-06-2025 14:00,705.0173716,726.6710337,725.5129247,731.1548351,606.3697088,604.7811206,603.8416214,4477.615891,-965.382322,780.5647824,719.5138511,-26548.29423,59.44397706,-25.63324905
04-06-2025 15:00,525.596892,540.6636193,539.6009546,545.3107907,604.4601257,602.8801398,601.2537309,5125.933094,-2546.857085,806.4794163,535.9290751,-27241.23209,56.15176788,-26.28263796
04-06-2025 16:00,311.1164499,319.6815523,318.7551441,324.5059931,605.372289,603.8054066,601.0649457,5535.415467,-87.4646574,788.8609583,317.2712555,-25871.78218,52.72329872,-24.93400622
04-06-2025 17:00,111.0105454,115.3794303,114.5948442,120.3729766,608.4362288,606.9677463,602.7022719,5719.504833,6922.499544,708.528455,113.8922074,-22139.25242,50.3662159,-21.2964887
04-06-2025 18:00,-23.83516907,-20.25477713,-20.94406166,-15.12332973,611.7966402,610.5111113,604.7262945,5770.985509,16382.35215,572.251796,-22.84222219,-17025.49416,49.40742284,-16.31650418
04-06-2025 19:00,-73.11769759,-67.78360139,-68.45511932,-62.55496453,613.9057031,612.8100636,606.0538509,5787.811361,25016.31212,415.6681223,-72.72666466,-12219.26773,49.19178933,-11.63045696
04-06-2025 20:00,-61.49018727,-54.07334825,-54.78991412,-48.77717825,614.1395968,613.1695761,606.218191,5796.041299,30344.34151,290.0342437,-60.95977841,-9164.615263,48.65339651,-8.647951375
04-06-2025 21:00,-39.11038936,-31.14706993,-31.9240869,-25.78931363,612.5182452,611.6155808,604.9753164,5742.081281,31797.65596,235.5475368,-38.33872904,-8356.225387,47.13266166,-7.862067871
04-06-2025 22:00,-42.98663291,-36.17615418,-36.98854504,-30.743515,609.3772902,608.5520326,602.208641,5563.871044,30498.2737,256.4432696,-42.23853107,-9247.41094,44.81373494,-8.746927203
04-06-2025 23:00,-72.48763054,-67.14103042,-67.95981962,-61.61739342,605.514286,604.8267475,598.4343494,5274.513878,28253.92558,316.7722973,-71.98549972,-10703.06853,42.47294322,-10.19052878
05-06-2025 00:00,-64.81662355,-58.32347181,-59.08995616,-52.65919622,611.2104661,610.3610223,604.1025685,-514.5130903,29160.83969,311.4491006,-64.32396466,-10588.97411,41.42767804,-10.11027677
05-06-2025 01:00,-68.2775292,-60.81150526,-61.60014754,-55.05521975,610.2707076,609.5697712,603.0088011,-701.0203019,28913.08905,312.2777665,-67.74056527,-10536.91145,40.48560906,-10.06680218
05-06-2025 02:00,-55.37504304,-46.93024298,-47.75234458,-41.08485065,611.7999146,611.2053106,604.5054507,-735.1717766,29904.54305,278.3039004,-54.6578539,-9754.754013,39.78000596,-9.304855037
05-06-2025 03:00,-52.50906811,-44.45112965,-45.29016136,-38.50875837,613.9607218,613.5070535,606.6796668,-684.0749941,31003.88132,257.0957975,-51.74697716,-9127.026437,38.76935102,-8.699825984
05-06-2025 04:00,-72.00175531,-65.7384252,-66.56387007,-59.68435334,613.6217291,613.4538943,606.2812483,-658.3865323,30396.37551,297.5776638,-71.44458349,-9710.982043,37.4027666,-9.288603589
05-06-2025 05:00,-89.54549142,-84.97788502,-85.78270277,-78.80493957,608.6870173,608.9768553,601.285111,-710.3448525,26448.82878,413.5922773,-89.14654904,-12154.66042,36.24016053,-11.69465776
05-06-2025 06:00,-56.18489677,-51.32031776,-52.14539317,-45.04033446,600.2002877,601.0029756,593.0239729,-783.6591826,18901.9634,572.5038225,-55.25094126,-16234.96754,36.11883529,-15.68528542
05-06-2025 07:00,63.64308524,71.60847108,70.68975713,77.96751437,592.2546644,593.4323232,585.8566842,-754.3800661,9539.736002,715.989198,66.42903419,-20820.75925,37.66995821,-20.15147244
05-06-2025 08:00,261.0636021,274.1401787,273.0674767,280.5500732,589.3882299,590.6802319,584.2753345,-519.9288329,1531.267862,796.3960493,267.1819458,-24395.52532,41.01452383,-23.62566601
05-06-2025 09:00,485.1704691,503.6815811,502.4454661,510.1304335,593.3260292,594.5175262,589.6045444,-57.30308065,-2428.355968,802.7127971,495.5982319,-25911.16226,45.73318313,-25.10553243
05-06-2025 10:00,674.7784445,697.5814852,696.2236438,704.0790817,601.658782,602.7098664,598.9482015,589.1125403,-1939.315427,760.8786782,689.4738172,-25437.57943,50.99102683,-24.66910094
05-06-2025 11:00,790.6976902,815.9090297,814.4898252,822.4799826,609.5617873,610.5943683,607.2498466,1359.14873,787.5016201,712.8951918,808.4861542,-24117.15302,55.70293598,-23.41976066
05-06-2025 12:00,823.6363805,849.0557928,847.6222654,855.7293157,613.1908868,614.3570388,610.7916542,2206.528479,2543.107273,691.6344418,842.5195428,-23380.37813,58.76541452,-22.72910503
05-06-2025 13:00,779.3042667,802.4315533,801.0131007,809.2364194,612.0907462,613.4465327,609.3866485,3081.430815,1535.919557,706.0283285,797.0297831,-23929.65061,59.42027707,-23.26539222
05-06-2025 14:00,663.5416702,681.7868037,680.4138118,688.7512646,608.9074858,610.3988469,605.7859029,3900.469583,-1240.512902,740.495725,678.2171841,-25212.86657,57.65349794,-24.4937354
05-06-2025 15:00,485.451397,497.0047916,495.7208534,504.1542847,606.9804584,608.5350226,603.1866376,4556.244736,-2758.914935,764.1546835,496.0201734,-25782.33171,54.34047864,-25.02172177
05-06-2025 16:00,272.3520858,277.3054648,276.151778,284.653711,607.9551924,609.5770576,603.065118,4974.573492,-232.0907845,744.4762003,278.8020221,-24295.47437,50.8957408,-23.55788932
05-06-2025 17:00,73.65902638,74.32538274,73.30793475,81.8640537,611.1610817,612.9349408,604.8475957,5168.735426,6848.662371,662.3055058,76.89478299,-20453.06362,48.52678034,-19.81285635
05-06-2025 18:00,-59.76161415,-59.96591687,-60.89319471,-52.26817144,614.7410156,616.7506349,607.0927508,5231.33801,16381.61933,524.4355481,-58.35573532,-15238.29439,47.56028614,-14.73440598
05-06-2025 19:00,-107.626355,-106.1495597,-107.0637278,-98.3335745,617.1442095,619.3955712,608.7143765,5260.145998,25089.93113,366.5230728,-106.7642271,-10341.13503,47.3408519,-9.960169427
05-06-2025 20:00,-94.6076418,-91.11037558,-92.0737583,-83.20590254,617.7427459,620.1704797,609.241567,5281.019405,30492.48014,239.840759,-93.5491852,-7206.683884,46.80222452,-6.900824106
05-06-2025 21:00,-70.88206484,-66.88963824,-67.91714021,-58.90268857,616.55136,619.0959803,608.4250994,5240.15812,32019.40498,184.5978864,-69.52713182,-6330.519985,45.2844331,-6.050355375
05-06-2025 22:00,-73.47609617,-70.67642681,-71.74247117,-62.59373321,613.8994709,616.569704,606.1421507,5075.291337,30791.66379,205.037481,-72.09171772,-7166.668876,42.97119061,-6.883608734
05-06-2025 23:00,-101.7756677,-100.4681107,-101.5432281,-92.27354905,610.5774451,613.432204,602.9017273,4799.310073,28615.95842,265.2138892,-100.5869404,-8580.552765,40.6383434,-8.289118584
06-06-2025 00:00,-93.00010064,-90.56244021,-91.58744646,-82.20631924,616.8584487,619.596659,609.1459208,-976.5197723,29587.53262,260.0407502,-91.77363691,-8438.279248,39.60276545,-8.184627315
06-06-2025 01:00,-95.46805225,-92.06225742,-93.11115349,-83.59311148,616.5385072,619.4691076,608.6614378,-1150.216067,29399.53286,261.3169709,-94.15357338,-8371.765452,38.67157856,-8.130903057
06-06-2025 02:00,-81.69743439,-77.30614333,-78.38979419,-68.72673547,618.7129966,621.7923402,610.7912311,-1172.143756,30444.97186,228.0786885,-80.1628602,-7588.818409,37.97748154,-7.372630185
06-06-2025 03:00,-78.09967886,-74.07749786,-75.17896883,-65.37976872,621.5344651,624.7957111,613.6124628,-1109.602123,31591.7539,207.8805523,-76.4844655,-6973.697564,36.97837042,-6.784932034
06-06-2025 04:00,-97.00663544,-94.75087461,-95.83927929,-85.91986734,621.8609927,625.4476483,613.8645311,-1073.427937,31024.46672,249.6291101,-95.56497714,-7583.196111,35.62277376,-7.404231995
06-06-2025 05:00,-114.1184411,-113.5205342,-114.5885033,-104.5487923,617.5858403,621.6684318,609.5116705,-1116.025885,27109.33006,367.1456899,-112.8082071,-10064.70497,34.47000612,-9.853343398
06-06-2025 06:00,-80.48542349,-79.54389778,-80.63203142,-70.44292564,609.7417265,614.3742196,601.875772,-1181.255296,19586.59088,527.7695065,-78.61805917,-14194.30185,34.35678528,-13.89872425
06-06-2025 07:00,39.4518769,43.54858935,42.36714786,52.75119224,602.4107718,607.4541991,595.3048539,-1145.298738,10239.84489,673.1492893,43.18859317,-18839.84612,35.91371053,-18.43035064
06-06-2025 08:00,236.8171621,246.0860127,244.7511018,255.3624613,600.1201772,605.3129654,594.280309,-905.689761,2237.9715,755.6016797,243.8988605,-22483.6765,39.26123286,-21.97950296
06-06-2025 09:00,460.7049667,475.474594,473.9769257,484.8134622,604.5843703,609.7108869,600.1163374,-439.516925,-1724.06388,764.0816627,472.1039464,-24076.39962,43.97949189,-23.54253959
06-06-2025 10:00,649.9329187,669.0646467,667.445993,678.4762283,613.3838596,618.4035888,609.9068203,208.7666081,-1246.437069,724.4930468,665.6027489,-23686.51375,49.23310634,-23.19605865
06-06-2025 11:00,765.3161593,786.9288541,785.249612,796.4383067,621.6842746,626.7187071,618.5858414,978.9463713,1460.091838,678.8003759,784.0778583,-22454.8821,53.93653154,-22.04191442
06-06-2025 12:00,797.569882,819.4643287,817.7715214,829.1014447,625.632462,630.8334535,622.4267955,1824.724127,3186.784636,659.8377622,817.4208064,-21810.40554,56.98589817,-21.45008277
06-06-2025 13:00,752.4128037,772.0882991,770.4112587,781.8824601,624.7648903,630.1884928,621.2347267,2696.281898,2142.427627,676.4985827,771.0966217,-22453.82636,57.62270575,-22.08714373
06-06-2025 14:00,635.6960381,650.5605253,648.9295254,660.5406162,621.7203957,627.31275,617.7536398,3510.260712,-678.9486075,713.1631713,651.3167146,-23831.35036,55.83267659,-23.41649471
06-06-2025 15:00,456.5348675,464.775219,463.2336973,474.9673305,619.8320653,625.5212138,615.1747007,4159.311554,-2249.479681,738.9115437,468.0323413,-24493.57948,52.49102742,-24.0439931
06-06-2025 16:00,242.2619267,243.964846,242.5538053,254.3833672,620.7402725,626.5309392,614.9692245,4569.325864,218.7188291,721.1776773,249.621159,-23096.24829,49.01216568,-22.67645684
06-06-2025 17:00,42.30783881,39.77987508,38.50507322,50.41715481,623.7704476,629.748159,616.5596943,4753.679674,7235.128692,640.7713053,46.4309762,-19338.46555,46.60354612,-19.02281772
06-06-2025 18:00,-92.44476018,-95.79503498,-96.97992619,-84.96966601,627.062773,633.3123291,618.5022668,4805.097898,16698.8836,504.4518878,-90.17547969,-14201.82232,45.59189106,-14.02922925
06-06-2025 19:00,-141.6949993,-143.3248728,-144.4971976,-132.3515705,629.065065,635.5936717,619.7095053,4821.482203,25334.06199,347.8451561,-139.9950416,-9374.761966,45.32190279,-9.331772612
06-06-2025 20:00,-130.0972395,-129.6775232,-130.8999083,-118.5853687,629.1493493,635.8930367,619.7106007,4828.847206,30660.52985,222.1956828,-128.2276315,-6300.958122,44.72751162,-6.33967658
06-06-2025 21:00,-107.8095279,-106.876726,-108.1643907,-95.67107335,627.3316659,634.2325102,618.2577693,4773.563084,32109.45244,167.6879481,-105.6707332,-5474.685523,43.14900357,-5.545599662
06-06-2025 22:00,-111.8395762,-112.0936631,-113.421351,-100.7606074,623.9441016,631.0125348,615.2309708,4593.542784,30802.84397,188.5438443,-109.6987392,-6348.804505,40.77041978,-6.423201261
06-06-2025 23:00,-141.5545831,-143.307675,-144.6462364,-131.8304792,619.7810395,627.0778032,611.143321,4301.872151,28548.47759,248.8005634,-139.6364199,-7787.72802,38.36800286,-7.859987572
07-06-2025 00:00,-134.1554082,-134.798583,-136.0891462,-123.1269731,625.1209785,632.3469293,616.4423151,-1489.979556,29442.6693,243.3588329,-132.2256667,-7656.725243,37.259087,-7.772845804
07-06-2025 01:00,-137.9427591,-137.6516325,-138.968497,-125.8335949,623.7665463,631.2326321,614.9213085,-1679.820976,29179.6243,244.0091011,-135.9498286,-7587.058403,36.25131333,-7.721874831
07-06-2025 02:00,-125.4173443,-124.1883667,-125.5426759,-112.2261563,624.8209263,632.4855632,615.9310833,-1717.804696,30153.38635,209.7836536,-123.2273671,-6786.073484,35.47795334,-6.951286208
07-06-2025 03:00,-122.9743639,-122.1759275,-123.5509987,-110.0610202,626.4455996,634.3440383,617.5577318,-1671.017307,31232.84904,188.2379912,-120.724601,-6137.770538,34.39752272,-6.335934847
07-06-2025 04:00,-142.9306196,-143.9736005,-145.3387671,-131.690622,625.5086119,633.7864532,616.5505905,-1650.085343,30603.53435,228.2842515,-140.8726854,-6698.890209,32.95920955,-6.912185426
07-06-2025 05:00,-160.9725822,-163.7615666,-165.1096417,-151.3026932,619.9141154,628.7439557,610.8847325,-1707.208507,26632.52834,343.7540653,-159.0614191,-9116.980201,31.72302015,-9.303004838
07-06-2025 06:00,-128.1384748,-130.684539,-132.0562625,-118.0609606,610.7065273,620.1443518,601.8936707,-1786.049103,19060.86455,502.001578,-125.6822968,-13168.48408,31.52638825,-13.27521672
07-06-2025 07:00,-8.858455539,-8.36179232,-9.830400776,4.399151374,601.9803441,611.8891292,593.9376991,-1762.603261,9672.834513,644.6949305,-4.541550554,-17721.83315,33.0006447,-17.71937187
07-06-2025 08:00,187.9996994,193.5452454,191.9195476,206.4159732,598.2756815,608.3956971,591.5110031,-1534.23119,1637.913006,724.174453,195.6566618,-21260.1384,36.266979,-21.16752867
07-06-2025 09:00,411.5370705,422.4504725,420.6584081,435.4197058,601.3202755,611.4376076,595.9409471,-1077.863528,-2348.448172,729.4228364,423.5102481,-22734.97065,40.90626728,-22.61701836
07-06-2025 10:00,600.5757666,615.7099671,613.7933743,628.788091,608.7081833,618.7838883,604.3347988,-437.8130978,-1886.05456,686.3752974,616.8226922,-22215.97339,46.0838538,-22.14559569
07-06-2025 11:00,715.9332802,733.4001865,731.4195855,746.6123941,615.6186692,625.7756429,611.640096,325.8264639,814.5822943,637.0311291,735.2789865,-20845.32259,50.71489959,-20.8564418
07-06-2025 12:00,748.3249909,765.9199729,763.922568,779.2960382,618.2121421,628.6034598,614.1436001,1166.856549,2544.846909,614.2621245,768.7708442,-20053.38383,53.69621239,-20.12101385
07-06-2025 13:00,703.4676268,718.6862132,716.7015749,732.2554474,616.0384023,626.7211343,611.6634784,2035.536181,1513.520027,627.0018257,722.761246,-20542.49823,54.26993167,-20.60750952
07-06-2025 14:00,587.2081571,597.4562524,595.5149494,611.2474209,611.7492316,622.670322,606.9564619,2848.559621,-1285.502436,659.6727324,603.4573452,-21760.58498,52.42237452,-21.78106051
07-06-2025 15:00,408.6556098,412.1198392,410.2656588,426.1588674,608.6901236,619.7781926,603.2258954,3498.606472,-2824.619016,681.3985156,420.8039786,-22260.05267,49.02929965,-22.24935352
07-06-2025 16:00,195.1343289,191.9029788,190.1773255,206.2040485,608.5131724,619.773288,601.9545819,3911.571639,-316.3339619,659.6577626,203.1702982,-20698.51321,45.50559659,-20.72110794
07-06-2025 17:00,-3.935291054,-11.5522421,-13.14316026,3.002973556,610.5547028,622.0724978,602.5756637,4100.809253,6748.324216,575.3052215,0.893622645,-16776.99964,43.05913598,-16.9072052
07-06-2025 18:00,-137.6826559,-146.271368,-147.7733847,-131.4929527,612.964836,624.8249761,603.6550008,4158.997059,16267.86304,435.1452125,-134.6756671,-11479.04982,42.01698415,-11.75577179
07-06-2025 19:00,-185.8206032,-192.8312887,-194.321214,-177.8701334,614.20025,626.4095687,604.113786,4183.964711,24965.62617,274.84761,-183.348456,-6495.051476,41.72411067,-6.904859973
07-06-2025 20:00,-173.0187003,-178.1133425,-179.6532354,-162.9988537,613.6406479,626.1345692,603.488661,4201.630707,30360.64482,145.6998569,-170.3402504,-3270.595022,41.1146325,-3.765642225
07-06-2025 21:00,-149.4515106,-154.1561112,-155.7605951,-138.893983,611.308468,624.0282356,601.5380221,4158.24604,31883.15952,87.92748504,-146.465458,-2301.819469,39.52893866,-2.832668089
07-06-2025 21:59,-152.1443674,-158.146824,-159.7900255,-142.7235007,607.5408362,620.4958346,598.146661,3991.582752,30654.18104,105.7910935,-149.1165245,-3043.372427,37.15108756,-3.581410519
07-06-2025 22:59,-180.4829772,-188.0818761,-189.7340147,-172.4809722,603.1357509,616.3854729,593.8311154,3714.565681,28480.41254,163.3637342,-177.6371776,-4361.353437,34.7572523,-4.901087741
07-06-2025 23:59,-171.6873624,-178.2589409,-179.860507,-162.4305299,608.3738553,621.6177235,599.0408467,-2061.515156,29457.04678,155.5786792,-168.7889338,-4122.594961,33.66461076,-4.710174539
08-06-2025 00:59,-174.0778091,-179.7816916,-181.4063477,-163.7740967,607.0584183,620.6057807,597.5696914,-2234.66375,29277.12632,154.255172,-171.0751887,-3959.777993,32.68056194,-4.570211374
08-06-2025 01:59,-160.174775,-164.9904464,-166.6487077,-148.8062422,608.2917482,622.0992771,598.767417,-2255.241839,30333.50742,118.4501565,-156.9346213,-3081.503183,31.93805137,-3.726685524
08-06-2025 02:59,-156.3931314,-161.6712362,-163.3458081,-145.3021949,610.2329392,624.3340204,600.7176101,-2190.556451,31493.88621,95.73931232,-153.0536839,-2372.843484,30.89518787,-3.055543825
08-06-2025 03:59,-175.0690268,-182.2021147,-183.8617431,-165.6331288,609.7461593,624.2844334,600.1656336,-2151.463196,30942.59234,135.0501883,-171.883328,-2891.415147,29.50067579,-3.594043299
08-06-2025 04:59,-191.9077098,-200.7816763,-202.4186186,-184.0051538,604.7302311,619.8762659,595.0811597,-2190.396714,27045.53985,250.2248263,-188.8325622,-5285.431007,28.31396559,-5.965830203
08-06-2025 05:59,-157.9653756,-166.5724632,-168.2269427,-149.5997849,596.2228464,612.0305583,586.7909293,-2251.257261,19542.62542,408.6226089,-154.3112606,-9331.77862,28.17186878,-9.938183701
08-06-2025 06:59,-37.68912082,-43.21077236,-44.95555514,-26.06942314,588.3104527,604.6407378,579.6471661,-2210.279023,10217.05361,551.9116295,-32.1429727,-13899.10414,29.70503409,-14.40187813
08-06-2025 07:59,160.0375876,159.6259655,157.7310926,176.9083094,585.5238804,602.1149463,578.1347747,-1965.057456,2237.27605,632.4268371,168.9521091,-17470.49904,33.03391625,-17.88895808
08-06-2025 08:59,384.3015879,389.336866,387.2829846,406.7488851,589.5804457,606.2163638,583.5707302,-1492.752752,-1702.201417,639.140224,397.5573448,-18997.27792,37.73861176,-19.39650124
08-06-2025 09:59,573.9123759,583.2646295,581.0938723,600.8167252,598.0627671,614.7026557,593.0509165,-837.8987627,-1202.04066,597.971071,591.4633429,-18548.59184,42.98364881,-19.00176949
08-06-2025 10:59,689.6766233,701.4739082,699.2470214,719.1913505,606.1377776,622.9026998,601.5106205,-60.79889527,1526.49143,550.8976413,710.3440589,-17265.89163,47.68334468,-17.80721529
08-06-2025 11:59,722.3008196,734.3534609,732.1178016,752.2661626,609.9527997,626.9941314,605.2236209,792.1523302,3274.135202,530.7658099,744.0821494,-16578.59129,50.7336449,-17.18333761
08-06-2025 12:59,677.4948504,687.3119392,685.0971548,705.4494141,609.0439381,626.4172092,603.9945154,1671.034325,2249.14725,546.4785774,698.1336373,-17187.86308,51.3758176,-17.79715566
08-06-2025 13:59,561.1009794,566.1004055,563.9370633,584.4916857,606.0488225,623.6996207,600.5660298,2492.380283,-554.9732387,582.4236006,578.7009084,-18540.25189,49.59530891,-19.11241433
08-06-2025 14:59,382.2257303,380.6043583,378.5361647,399.2757001,604.2984958,622.1542912,598.1272243,3148.729304,-2110.888239,607.6857806,395.7262877,-19186.601,46.26701643,-19.73521977
08-06-2025 15:59,168.193181,160.0476397,158.115838,179.0136191,605.430464,623.4954015,598.1464966,3565.85814,368.772088,589.7014313,177.578707,-17782.78284,42.80498789,-18.37253407
08-06-2025 16:59,-31.57429436,-43.92771101,-45.71715322,-24.67453348,608.7664887,627.1255222,600.0426243,3757.026618,7392.993415,509.2799896,-25.40243492,-14027.93585,40.4162805,-14.73332386
08-06-2025 17:59,-166.2018952,-179.3451672,-181.0384024,-159.8352223,612.4423147,631.1796905,602.3673013,3814.843251,16860.43839,373.1779321,-161.8623976,-8903.569229,39.42718445,-9.763664694
08-06-2025 18:59,-215.3960726,-226.7774534,-228.4516861,-207.0506285,614.9005896,634.0229932,604.0279108,3837.094442,25494.74587,217.0152936,-211.6054762,-4097.930722,39.18193884,-5.099444729
08-06-2025 19:59,-203.8179026,-213.0996985,-214.8174543,-193.1847745,615.5074869,634.9504741,604.5477928,3849.682023,30815.37972,92.02824313,-199.8384338,-1054.383757,38.61398367,-2.149583757
08-06-2025 20:59,-181.6314528,-190.3423057,-192.1187428,-170.2443025,614.2725648,633.9777969,603.6726963,3798.867176,32253.14626,38.39018551,-177.3648851,-266.7787444,37.06309178,-1.406315803
08-06-2025 21:59,-185.8496817,-195.6824568,-197.4922999,-175.3870998,611.5208587,631.498425,601.275557,3622.458933,30929.74928,60.30933241,-181.5645628,-1187.439403,34.7127727,-2.342762095
08-06-2025 22:59,-215.8441915,-227.1047539,-228.9188774,-206.5949,608.0391972,628.3495817,597.861977,3333.445541,28652.70461,121.8066856,-211.766715,-2680.13294,32.33872368,-3.845780128
08-06-2025 23:59,-198.9823189,-209.2172104,-210.9753012,-188.5498634,615.0079844,635.1788795,604.8811817,-2211.409768,30084.68482,101.7500332,-194.8391393,-2301.098907,31.93234923,-3.511518743
